{"rectal_temperature": {"max": 40.8, "min": 35.4, "mean": 38.16791666666669, "midian": 38.2, "quartiles": [37.8, 38.2, 38.5], "miss_num": 60}, "pulse": {"max": 184.0, "min": 30.0, "mean": 71.91304347826087, "midian": 64.0, "quartiles": [48.0, 64.0, 88.0], "miss_num": 24}, "respiratory_rate": {"max": 96.0, "min": 8.0, "mean": 30.417355371900825, "midian": 24.5, "quartiles": [18.0, 24.0, 36.0], "miss_num": 58}, "nasogastric_reflux_PH": {"max": 7.5, "min": 1.0, "mean": 4.707547169811321, "midian": 5.0, "quartiles": [3.0, 5.0, 6.5], "miss_num": 247}, "packed_cell_volume": {"max": 75.0, "min": 23.0, "mean": 46.29520295202952, "midian": 45.0, "quartiles": [38.0, 45.0, 52.0], "miss_num": 29}, "total_protein": {"max": 89.0, "min": 3.3, "mean": 24.456928838951317, "midian": 7.5, "quartiles": [6.5, 7.5, 57.0], "miss_num": 33}, "abdomcentesis_total_protein": {"max": 10.1, "min": 0.1, "mean": 3.0196078431372553, "midian": 2.25, "quartiles": [2.0, 2.1, 3.9], "miss_num": 198}}